Candidato;Tweet;Fecha;# Retweets;# Likes;Ubicaci√≥n (usuario)
Guillermo Lasso;RT @FaustoCoboM3: @anabella2586 @Cbrapo7 ...el 28% que votamos a favor de LASSO en la primera vuelta de ELECCIONES 2017, lo hicimos con la‚Ä¶;Sun Jan 31 ;2;4;Pichincha, Ecuador
Guillermo Lasso;RT @llpesantes: Este gerente de ECUATRANDIEGOLARA  debe ser enjuiciado por los se√±ores de derechos humano pues este Sr piensa que puede ord‚Ä¶;Sun Jan 31 ;3;3;Manabi, Ecuador
Guillermo Lasso;RT @FaustoCoboM3: @CesarMongeO Mientras LASSO propone fortalecer a la FUERZA P√öBLICA en su lucha contra la delincuencia, narcotr√°fico y ter‚Ä¶;Sun Jan 31 ;7;8;Pichincha, Ecuador
Guillermo Lasso;RT @FaustoCoboM3: @AndrsValarezo6 @Incansable1962 @Patrici40930366 @marcelomolina17 @ivonaro @DejemosM @ratael6661 @Fernand80368264 @fnix91‚Ä¶;Sun Jan 31 ;15;22;Pichincha, Ecuador
Guillermo Lasso;RT @Seba_Gonza90: #VidalPresidente Creo que es momento de unidad, y de dejar de lado los personalismos para trabajar en equipo, por eso y m‚Ä¶;Sun Jan 31 ;5;5;Pichincha, Ecuador
Guillermo Lasso;"RT @MarcoAnibal: Voto por Ara√∫z se compone:

1 Voto corre√≠sta para detener el desastre nacional

2 Voto no corre√≠sta para detener el desast‚Ä¶";Sun Jan 31 ;308;835;Tena, Ecuador
Guillermo Lasso;"@LassoGuillermo @panchojimenezs @JuanPHidalgoC @guido_chiriboga @CesarMongeO Asi?
Que dijo ud Lasso de la ESTAFA de‚Ä¶ https://t.co/3SHVAYjGzd";Sun Jan 31 ;0;0;Napo, Ecuador
Guillermo Lasso;"...los CHIMBADORES FANATICOS DEL NARCO PR√ìFUGO, 
a unos se les caen  los pantalones y  a otros seguidores 
de la LI‚Ä¶ https://t.co/nzZ5EkwbtP";Sun Jan 31 ;0;0;Pichincha, Ecuador
Guillermo Lasso;"RT @jorgejhorlfl: ...los CHIMBADORES FANATICOS DEL NARCO PR√ìFUGO, 
a unos se les caen  los pantalones y  a otros seguidores 
de la LISTA 1.‚Ä¶";Sun Jan 31 ;1;1;Latacunga, Ecuador
Guillermo Lasso;Yo no voto por Lasso por ser la √∫nica opci√≥n o porque ‚Äútoca‚Äù , estoy feliz de decir que me siento representado por‚Ä¶ https://t.co/6AyOxKY1yl;Sun Jan 31 ;0;0;Latacunga, Ecuador
Guillermo Lasso;RT @FaustoCoboM3: ...el 28% que votamos a favor de LASSO en la primera vuelta de ELECCIONES 2017, lo hicimos con la raz√≥n y con lealtad a n‚Ä¶;Sun Jan 31 ;146;406;Esmeraldas,Ecuador
Guillermo Lasso;"RT @GabuPsychic: ¬°A 9 d√≠as de las elecciones!
Espero que Arauz gane en una sola vuelta para q Carlos Vera se largue del Ecuador, para que G‚Ä¶";Sun Jan 31 ;693;1878;Esmeraldas,Ecuador
Guillermo Lasso;Totalmente cierto. Y ya quiero ir a votar para que esto acabe en una sola vuelta! Que vengan las vacunas y el traba‚Ä¶ https://t.co/d6X1Kkn5OY;Sun Jan 31 ;0;0;Esmeraldas,Ecuador
Guillermo Lasso;"RT @chinogomez14: El voto de Lasso es obligado, es por odio, es por inter√©s, es por conveniencia.
El voto de @ecuarauz y @rabascallcarlos e‚Ä¶";Tue Feb 02 ;42;68;Orellana, Ecuador
Guillermo Lasso;RT @FaustoCoboM3: ...el 28% que votamos a favor de LASSO en la primera vuelta de ELECCIONES 2017, lo hicimos con la raz√≥n y con lealtad a n‚Ä¶;Tue Feb 02 ;147;407;Orellana, Ecuador
Guillermo Lasso;RT @FaustoCoboM3: @biological_dr @TCE_Ecuador @cnegobec Mientras LASSO propone fortalecer a la FUERZA P√öBLICA en su lucha contra la delincu‚Ä¶;Tue Feb 02 ;1;1;Orellana, Ecuador
Guillermo Lasso;RT @ETacle: Yo no soy seguidor de Guillermo Lasso,  pero, por mi pa√≠s Ecuador,  por mi familia, por mis amigos, por toda la gente que conoz‚Ä¶;Tue Feb 02 ;740;2177;Napo, Ecuador
Guillermo Lasso;"RT @chinogomez14: El voto de Lasso es obligado, es por odio, es por inter√©s, es por conveniencia.
El voto de @ecuarauz y @rabascallcarlos e‚Ä¶";Tue Feb 02 ;43;71;Napo, Ecuador
Guillermo Lasso;@AlecCardenas Uyyyyy disculpas , este es el nivel de estos iluminados que cree que Lasso es la soluci√≥n , BANQUERO‚Ä¶ https://t.co/f2Hyi3l1n3;Tue Feb 02 ;0;0;Tunguragua,Ecuador
Guillermo Lasso;"RT @chinogomez14: El voto de Lasso es obligado, es por odio, es por inter√©s, es por conveniencia.
El voto de @ecuarauz y @rabascallcarlos e‚Ä¶";Tue Feb 02 ;44;71;Tunguragua,Ecuador
Guillermo Lasso;RT @FaustoCoboM3: @janethinostroza Mientras LASSO propone fortalecer a la FUERZA P√öBLICA en su lucha contra la delincuencia, narcotr√°fico y‚Ä¶;Tue Feb 02 ;5;15;Tunguragua,Ecuador
Guillermo Lasso;"RT @FaustoCoboM3: @RevistaSemana Mientras LASSO propone fortalecer a FAMILIAS de SOLDADOS y POLIC√çAS en su lucha contra la delincuencia; Re‚Ä¶";Tue Feb 02 ;8;15;Tunguragua,Ecuador
Guillermo Lasso;@AlecCardenas Mi presidente Guillermo Lasso.;Tue Feb 02 ;0;0;Quito, Ecuador
Guillermo Lasso;"RT @FaustoCoboM3: ...el CORREATO en plena GUERRA SUCIA: desinforma con encuestas falsetas!

La realidad es que LASSO cuenta, como BASE, con‚Ä¶";Tue Feb 02 ;105;245;Quito, Ecuador
Guillermo Lasso;"RT @jorgejhorlfl: ...los CHIMBADORES FANATICOS DEL NARCO PR√ìFUGO, 
a unos se les caen  los pantalones y  a otros seguidores 
de la LISTA 1.‚Ä¶";Sun Jan 31 ;2;1;Quito, Ecuador
Guillermo Lasso;RT @MashiRafael: Consejos para los trabajadores a los que los ‚Äúpatrones‚Äú les quieren hacer votar por Lasso y los obligan a presentar la fot‚Ä¶;Sun Jan 31 ;389;656;Quito, Ecuador
Guillermo Lasso;RT @KleinerZambrano: Ojo aqu√≠ @LuisVerdesotoo1;Sun Jan 31 ;17;19;Quito, Ecuador
Guillermo Lasso;RT @FaustoCoboM3: @Primicias Mientras LASSO propone fortalecer a la FUERZA P√öBLICA en su lucha contra la delincuencia, narcotr√°fico y terro‚Ä¶;Sun Jan 31 ;1;5;Quito, Ecuador
Guillermo Lasso;@joselo681513 @Literario26 @NelFeRodSan @CarlaMaldonadoP @MauricioPozoEC @juanseroldan @alberto_dahik‚Ä¶ https://t.co/RwSNdA1Z9G;Sun Jan 31 ;1;10;Quito, Ecuador
Guillermo Lasso;@ProfesorYo De acuerdo con lo que dice Diego Flores no hay ning√∫n criterio de humano en el pa√≠s les gusta el odio.‚Ä¶ https://t.co/V4UFGumYGF;Sun Jan 31 ;10;1;Guayaquil
Guillermo Lasso;"RT @MarcoAnibal: Voto por Ara√∫z se compone:

1 Voto corre√≠sta para detener el desastre nacional

2 Voto no corre√≠sta para detener el desast‚Ä¶";Sun Jan 31 ;310;838;Guayaquil
Guillermo Lasso;@joselo681513 @Literario26 @NelFeRodSan @CarlaMaldonadoP @MauricioPozoEC @juanseroldan @alberto_dahik‚Ä¶ https://t.co/ornrmVh0ko;Sun Jan 31 ;0;0;Guayaquil
Guillermo Lasso;RT @ETacle: Yo no soy seguidor de Guillermo Lasso,  pero, por mi pa√≠s Ecuador,  por mi familia, por mis amigos, por toda la gente que conoz‚Ä¶;Tue Feb 02 ;741;2180;Guayaquil
Guillermo Lasso;"RT @MarcoAnibal: Voto por Ara√∫z se compone:

1 Voto corre√≠sta para detener el desastre nacional

2 Voto no corre√≠sta para detener el desast‚Ä¶";Tue Feb 02 ;311;839;Guayaquil
Guillermo Lasso;@petrogustavo @Almagro_OEA2015 Posible golpe de estado en Ecuador, que se√±or tan mentiroso y falso. Las elecciones‚Ä¶ https://t.co/UOGog2zRxA;Tue Feb 02 ;0;0;Guayaquil
Guillermo Lasso;"RT @chinogomez14: El voto de Lasso es obligado, es por odio, es por inter√©s, es por conveniencia.
El voto de @ecuarauz y @rabascallcarlos e‚Ä¶";Tue Feb 02 ;45;74;Guayaquil
Guillermo Lasso;LASSO PRESIDENTE EN UNA SOLA VUELTA !!!!!!! ( No coma cuentos ). https://t.co/bwOcBKC4I1;Tue Feb 02 ;0;0;Guayaquil
Guillermo Lasso;"RT @FaustoCoboM3: @RevistaSemana Mientras LASSO propone fortalecer a FAMILIAS de SOLDADOS y POLIC√çAS en su lucha contra la delincuencia; Re‚Ä¶";Tue Feb 02 ;2;6;Quito, Ecuador
Guillermo Lasso;"RT @PatricioJijonL1: Optimizar nuestro voto es un deber moral. Defender la democracia, las libertades, la dolarizaci√≥n; el objetivo central‚Ä¶";Tue Feb 02 ;87;177;Quito, Ecuador
Guillermo Lasso;RT @MashiRafael: Consejos para los trabajadores a los que los ‚Äúpatrones‚Äú les quieren hacer votar por Lasso y los obligan a presentar la fot‚Ä¶;Tue Feb 02 ;390;657;Quito, Ecuador
Guillermo Lasso;"RT @FaustoCoboM3: @RevistaSemana Mientras LASSO propone fortalecer a FAMILIAS de SOLDADOS y POLIC√çAS en su lucha contra la delincuencia; Re‚Ä¶";Tue Feb 02 ;3;6;Quito, Ecuador
Guillermo Lasso;@facho77 @JotacNarvaez @HEBARI85 @Guiller59925959 @LassoGuillermo El que sus aseveraciones no tengan ning√∫n soporte‚Ä¶ https://t.co/T20VfmiL8M;Tue Feb 02 ;0;0;CaÒar, Ecuador
Guillermo Lasso;RT @IsaCardenasF: Lasso est√° muy muy lejos de ser el candidato de mi preferencia y estoy segura que si gana habr√°n otros problemas con los‚Ä¶;Tue Feb 02 ;9;48;CaÒar, Ecuador
Guillermo Lasso;RT @FaustoCoboM3: @CuenteroMuisne Mientras LASSO propone fortalecer a la FUERZA P√öBLICA en su lucha contra la delincuencia, narcotr√°fico y‚Ä¶;Sun Jan 74;2;3;Guayaquil, Ecuador
Guillermo Lasso;RT @KELVINGAME3: LASSO PRESIDENTE EN UNA SOLA VUELTA!!! https://t.co/lficwdaef3;Sun Jan 75;31;58;Guayaquil, Ecuador
Guillermo Lasso;"RT @chinogomez14: El voto de Lasso es obligado, es por odio, es por inter√©s, es por conveniencia.
El voto de @ecuarauz y @rabascallcarlos e‚Ä¶";Sun Jan 76;46;78;Guayaquil, Ecuador
Guillermo Lasso;RT @KELVINGAME3: LASSO PRESIDENTE EN UNA SOLA VUELTA !!!!!!! ( No coma cuentos ). https://t.co/bwOcBKC4I1;Sun Jan 77;1;0;Guayaquil, Ecuador
Guillermo Lasso;RT @ALBAMENDOZAPAR1: @CarlosVerareal POR ESO Y  CON MAS FUERZA LASSO PRESIDENTE 21-6;Sun Jan 78;2;7;CaÒar, Ecuador
Guillermo Lasso;@jaimenebotsaadi @LassoGuillermo LASSO PRESIDENTE..;Sun Jan 79;0;0;Cotopaxi, Ecuador
Guillermo Lasso;"RT @Ana_Lorena_A: Mi presidente es sencillamente maravilloso, pero muchos de ustedes no est√°n listos para esta conversaci√≥n.

Vamos a levan‚Ä¶";Sun Jan 80;13;37;Cotopaxi, Ecuador
Guillermo Lasso;SE LES ACABO LA CORRUPCION !!!        LASSO PRESIDENTE EN UNA SOLA VUELTA !!!!!!! https://t.co/GlsnI6EiqG;Sun Jan 81;0;0;Cotopaxi, Ecuador
Guillermo Lasso;"RT @chinogomez14: El voto de Lasso es obligado, es por odio, es por inter√©s, es por conveniencia.
El voto de @ecuarauz y @rabascallcarlos e‚Ä¶";Sun Jan 82;47;79;Cotopaxi, Ecuador
Guillermo Lasso;"RT @chinogomez14: El voto de Lasso es obligado, es por odio, es por inter√©s, es por conveniencia.
El voto de @ecuarauz y @rabascallcarlos e‚Ä¶";Sun Jan 83;48;79;Cotopaxi, Ecuador
Guillermo Lasso;Mujer inteligente üëáüèª con pasi√≥n de madre, que busca tener un futuro menos incierto y miserable como pretenden los s‚Ä¶ https://t.co/7GSGzfkI8j;Sun Jan 84;0;0;Cotopaxi, Ecuador
Guillermo Lasso;RT @KELVINGAME3: SE LES ACABO LA CORRUPCION !!!        LASSO PRESIDENTE EN UNA SOLA VUELTA !!!!!!! https://t.co/GlsnI6EiqG;Sun Jan 85;1;1;Cotopaxi, Ecuador
Guillermo Lasso;RT @FaustoCoboM3: @playecnoticias @ProfHoax__ @CarlosP05340289 Mientras LASSO propone fortalecer a FAMILIAS de SOLDADOS y POLIC√çAS en su lu‚Ä¶;Sun Jan 86;7;15;Cotopaxi, Ecuador
Guillermo Lasso;"RT @sucocastillo: Lasso reconoce que Moreno ha implementado su plan de gobierno.

Lasso apoy√≥ el 90% de las leyes presentadas por Moreno, i‚Ä¶";Mon Feb 01 ;12;13;Pichincha, Ecuador
Guillermo Lasso;RT @fabriciovelav: AHORA: @ECUATRANSA despidi√≥ a su gerente, tras la difusi√≥n de un audio en el que amenaz√≥ con desvincular a sus trabajado‚Ä¶;Mon Feb 01 ;935;1873;Pichincha, Ecuador
Guillermo Lasso;@BurbanoXavier @monadeurdesa Uno ve fotos de gente que parecen inteligentes y luego hacen comentarios como este!!!‚Ä¶ https://t.co/rRHhaoeY4U;Mon Feb 01 ;0;0;Pichincha, Ecuador
Guillermo Lasso;"RT @ElRebeldeEc: Hora 25. Si despu√©s de ver la entrevista al candidato Guillermo Lasso,decides votar por √©l; d√©jame decirte que est√°s entre‚Ä¶";Mon Feb 01 ;75;266;Pichincha, Ecuador
Guillermo Lasso;@LassoSX Estos √∫ltimos d√≠as de campa√±a, TODOS los de la orilla de la DECENCIA, a pesar de algunas diferencias, a VO‚Ä¶ https://t.co/nRYb4TZwdY;Mon Feb 01;0;0;Pichincha, Ecuador
Guillermo Lasso;RT @FaustoCoboM3: @DannaGa41 Estos √∫ltimos d√≠as de campa√±a, TODOS los de la orilla de la DECENCIA, a pesar de algunas diferencias, a VOTAR‚Ä¶;Mon Feb 01 ;1;1;Pichincha, Ecuador
Guillermo Lasso;@VillaFernando_ Jaja ya das risa dedicate a hacer campa√±a por tu partido o solo eres un relleno para Lasso? Herv√°s presidente.;Mon Feb 01 ;0;0;Pichincha, Ecuador
Guillermo Lasso;@andre_romo Estos √∫ltimos d√≠as de campa√±a, TODOS los de la orilla de la DECENCIA, a pesar de algunas diferencias, a‚Ä¶ https://t.co/GMnBAqiRTy;Mon Feb 01 ;0;0;Orellana, Ecuador
Guillermo Lasso;"@andrebernal26 @yakuperezg @NTN24Zoom √âsa es la fija che comisario
A la voz d Aura Primera
Decia Patagonio Tucum√°n‚Ä¶ https://t.co/J6f3jrZ7pq";Mon Feb 01 ;0;0;Orellana, Ecuador
Guillermo Lasso;RT @moonlight_025x: @MashiRafael Ni Lasso Ni Correa, la gente hoy busca el EQUILIBRIO. Todos estamos cansados de los mismo pol√≠tiqueros cor‚Ä¶;Mon Feb 01 ;1;7;Orellana, Ecuador
Guillermo Lasso;RT @cereceda_elena: @PatricioJijonL1 üëèüèªüëèüèªüëèüèªüëèüèª LASSO PRESIDENTE!!;Mon Feb 01 ;2;2;Orellana, Ecuador
Guillermo Lasso;El √∫ltimo manotazo de ahogado. Solo el voto duro de Lasso se va comer ese cuento de la intervenci√≥n de un grupo ter‚Ä¶ https://t.co/Ay6AflMtYk;Mon Feb 01;0;0;Orellana, Ecuador
Guillermo Lasso;RT @FaustoCoboM3: @pinllocoto Estas elecciones DECIDIMOS entre dos modelos absolutamente opuestos: PROSPERIDAD que representa LASSO, y el o‚Ä¶;Mon Feb 01;1;0;Orellana, Ecuador
Guillermo Lasso;"RT @FaustoCoboM3: Mientras el  CORREATO sigue cuenteando sobre VACUNAS, LASSO ya demostr√≥ eficiencia con su programa""SALVAR VIDAS"" para ayu‚Ä¶";Mon Feb 01;14;22;Orellana, Ecuador
Guillermo Lasso;@mlenin81 @CarlosVerareal Y el APAG√ìN INFORM√ÅTICO cuando  gan√≥ Lasso...con mameluco incluido presidente...q pas√≥??;Mon Feb 01;0;0;Orellana, Ecuador
Guillermo Lasso;RT @realjuca: Jajajajajajajajajajaja bueno Sra vote por Lasso ese si es un gran consejo verdad? ü§£ü§£ü§£ü§£;Mon Feb 01;1;4;Guayaquil, Ecuador
Guillermo Lasso;@ecuadorenvivo Estos √∫ltimos d√≠as de campa√±a, TODOS los de la orilla de la DECENCIA, a pesar de algunas diferencias‚Ä¶ https://t.co/DgiSNDgVX3;Mon Feb 01;0;0;Guayaquil, Ecuador
Guillermo Lasso;@lahoraecuador Estos √∫ltimos d√≠as de campa√±a, TODOS los de la orilla de la DECENCIA, a pesar de algunas diferencias‚Ä¶ https://t.co/mjTslgDTKw;Mon Feb 01;0;0;Guayaquil, Ecuador
Guillermo Lasso;RT @ivonnececiliato: @FrCoronel @Mathews54163026 Ojal√° esos mensajes lleguen a la gente que necesita ser guiada   Tenemos que hacer un trab‚Ä¶;Mon Feb 01;1;4;Guayaquil, Ecuador
Guillermo Lasso;"ESTAS SON  PRUEBAS CONTUNDENTES
QUE EL GRAN PUEBLO ELIGIRA A LASSO  PRESIDENTE Y A LOS SOCIAL CRISTIANOS PARA QUE‚Ä¶ https://t.co/I3hkT552nP";Mon Feb 01;0;0;Guayaquil, Ecuador
Guillermo Lasso;RT @FaustoCoboM3: @lahoraecuador Estos √∫ltimos d√≠as de campa√±a, TODOS los de la orilla de la DECENCIA, a pesar de algunas diferencias, a VO‚Ä¶;Mon Feb 01;1;0;Santo Domingo, Ecuador
Guillermo Lasso;RT @JohnAmezcua5: #Ecuador tiene que avanzar hacia un futuro donde haya trabajo y progreso. No dejemos que Lelo Arauz venga a enga√±arnos co‚Ä¶;Mon Feb 01;4;7;Santo Domingo, Ecuador
Guillermo Lasso;RT @JohnAmezcua5: #Ecuador tiene que avanzar hacia un futuro donde haya trabajo y progreso. No dejemos que Lelo Arauz venga a enga√±arnos co‚Ä¶;Mon Feb 01;5;7;Santo Domingo, Ecuador
Yaku P√©rez;"RT @Politizadoscom: #Spots | #Elecciones2021
 
-üèôÔ∏èPa√≠s: #Ecuadorüá™üá®
-üó≥Ô∏èElecci√≥n: Presidencial 2‚É£0‚É£2‚É£1Ô∏è‚É£
-üíÅ‚Äç‚ôÇÔ∏èCandidato: .@yakuperezg 
-üö©Movi‚Ä¶";Mon Feb 01;1;0;Santo Domingo, Ecuador
Yaku P√©rez;RT @yakuperezg: Nuestras manos nunca se han manchado con actos de corrupci√≥n, tenemos la capacidad moral para gobernar el pa√≠s con honestid‚Ä¶;Mon Feb 01;45;139;Santo Domingo, Ecuador
Yaku P√©rez;RT @yakuperezg: Nuestras manos nunca se han manchado con actos de corrupci√≥n, tenemos la capacidad moral para gobernar el pa√≠s con honestid‚Ä¶;Mon Feb 01;46;139;Santo Domingo, Ecuador
Yaku P√©rez;"RT @PKnacional18: #RuedaDePrensa  
Organizaciones sociales ratifican el apoyo a nuestro compa√±ero Yaku Perez Guartambel.
Acomp√°√±anos 
#Yaku‚Ä¶";Mon Feb 01;4;13;Santo Domingo, Ecuador
Yaku P√©rez;"RT @yakuperezg: La protecci√≥n de la naturaleza ser√° un eje principal en nuestro gobierno.

#ClaroQueSePuede
#YakuPresidente
#YakuEs https:/‚Ä¶";Mon Feb 01;10;39;Santo Domingo, Ecuador
Yaku P√©rez;"RT @yakuperezg: ¬°Por eso #Yaku es la mejor opci√≥n!

#YakuPresidente
#ClaroQueSePuede
#YakuEs https://t.co/RVzsO83q5k";Mon Feb 01;63;205;Guayaquil
Yaku P√©rez;RT @yakuperezg: Hoy a partir de las 10:00 pm, te invito a seguir en vivo mi entrevista en @CNNEE para conocer nuestra propuesta de campa√±a.‚Ä¶;Mon Feb 01;14;38;Guayaquil
Yaku P√©rez;RT @yakuperezg: Hoy a partir de las 10:00 pm, te invito a seguir en vivo mi entrevista en @CNNEE para conocer nuestra propuesta de campa√±a.‚Ä¶;Tue Feb 02 ;15;40;Guayaquil, Ecuador
Yaku P√©rez;RT @pametroya: Soy feminista y activista LGBTI-DDHH. Desde la Asamblea legislaremos a favor de mujeres, ni√±ez y adolescencia y personas LGB‚Ä¶;Tue Feb 02 ;9;16;Guayaquil, Ecuador
Yaku P√©rez;RT @yakuperezg: Hoy a partir de las 10:00 pm, te invito a seguir en vivo mi entrevista en @CNNEE para conocer nuestra propuesta de campa√±a.‚Ä¶;Tue Feb 02 ;16;41;Guayaquil, Ecuador
Yaku P√©rez;"¬°Caravana de cierre de campa√±a en Quito üö≤üöó!

üóì Mi√©rcoles, 3 de febrero
üè† Parroquia Cutuglagua (salida)
‚è∞09:00 am‚Ä¶ https://t.co/XILenoOvfL";Tue Feb 02 ;0;0;Orellana, Ecuador
Yaku P√©rez;"RT @yakuperezg: ¬°Caravana de cierre de campa√±a en Quito üö≤üöó!

üóì Mi√©rcoles, 3 de febrero
üè† Parroquia Cutuglagua (salida)
‚è∞09:00 am

#ClaroQue‚Ä¶";Tue Feb 02 ;1;1;Orellana, Ecuador
Yaku P√©rez;Punto de llegada!!!! CARONDELET....para rendir pleites√≠a al S√ÅTRAPA LEN√çN MORENO. Su mayor C√ìMPLICE;Wed Feb 03;0;0;Orellana, Ecuador
Yaku P√©rez;@FrCoronel Y si gana #YakuPresidente, por que en segunda vuelta es el √∫nico que le gana a Arauz, dese una oportunid‚Ä¶ https://t.co/XYmvJqSD9v;Wed Feb 03;0;0;Orellana, Ecuador
Yaku P√©rez;@marginalismo @FrCoronel El votar por Lasso solo les condenar√°, por que en segunda vuelta el √∫nico que le gana a Arauz es #YakuPresidente.;Wed Feb 03 ;0;0;Orellana, Ecuador
Yaku P√©rez;@vesand @CNNEE @soyfdelrincon @yakuperezg Ignorenlo contagiado con #CorreaVirus m√°s mortal que #Covid_19‚Ä¶ https://t.co/LGYi17mKPS;Wed Feb 03 ;0;0;Pichincha, Ecuador
Yaku P√©rez;"RT @yakuperezg: La protecci√≥n de la naturaleza ser√° un eje principal en nuestro gobierno.

#ClaroQueSePuede
#YakuPresidente
#YakuEs https:/‚Ä¶";Wed Feb 03;11;41;Pichincha, Ecuador
Yaku P√©rez;RT @Leo_MenesesPozo: Vamos firmes esta vez vamos por un gobierno del pueblo #YakuPresidente #ClaroQueSePuede @yakuperezg @PK18CARCHI @isacc‚Ä¶;Tue Feb 02 ;9;9;Pichincha, Ecuador
Yaku P√©rez;#CapacidadParaCambiar pero de escenario, üéÄ‚ôøüòï;Tue Feb 02 ;0;0;Pichincha, Ecuador
Yaku P√©rez;"@JSMARTINEZG @CNNEE @soyfdelrincon @yakuperezg Contagiado con #CorreaVirus
#ClaroQueSePuede #YakuPresidente";Tue Feb 02 ;0;0;Azuay, Ecuador
Yaku P√©rez;RT @mayracriss: #ClaroQueSePuede Tener un pa√≠s m√°s justo, donde nuestros representantes sean hombres y mujeres con capacidad, honestidad y‚Ä¶;Tue Feb 02 ;6;8;Azuay, Ecuador
Yaku P√©rez;@leonard_arisa @CNNEE @soyfdelrincon @yakuperezg As√≠ son de canallas como este Contagiado con #CorreaVirus campeone‚Ä¶ https://t.co/guHFLrKJlU;Tue Feb 02 ;4;0;Azuay, Ecuador
Yaku P√©rez;"¬°Caravana de cierre de campa√±a en Quito üö≤üöó!

üóì Mi√©rcoles, 3 de febrero
üè† Parroquia Cutuglagua (salida)
‚è∞09:00 am‚Ä¶ https://t.co/cYkb0MtrdC";Tue Feb 02 ;5;0;Azuay, Ecuador
Yaku P√©rez;"RT @yakuperezg: ¬°Caravana de cierre de campa√±a en Quito üö≤üöó!

üóì Mi√©rcoles, 3 de febrero
üè† Parroquia Cutuglagua (salida)
‚è∞09:00 am

#ClaroQue‚Ä¶";Tue Feb 02 ;1;2;Azuay, Ecuador
Yaku P√©rez;"RT @yakuperezg: ¬°Caravana de cierre de campa√±a en Quito üö≤üöó!

üóì Mi√©rcoles, 3 de febrero
üè† Parroquia Cutuglagua (salida)
‚è∞09:00 am

#ClaroQue‚Ä¶";Wed Feb 03 ;2;4;Azuay, Ecuador
Yaku P√©rez;Yaku ha dejado un gran precedente para el Movimiento Ind√≠gena, estoy super feliz por esto y me doy por servida. Yak‚Ä¶ https://t.co/NfzAfmw95x;Wed Feb 03 ;0;0;Azuay, Ecuador
Yaku P√©rez;RT @yakuperezg: Nuestras manos nunca se han manchado con actos de corrupci√≥n, tenemos la capacidad moral para gobernar el pa√≠s con honestid‚Ä¶;Wed Feb 03 ;47;145;Azuay, Ecuador
Yaku P√©rez;"RT @PKnacional18: #RuedaDePrensa  
Organizaciones sociales ratifican el apoyo a nuestro compa√±ero Yaku Perez Guartambel.
Acomp√°√±anos 
#Yaku‚Ä¶";Sun Jan 31 ;5;14;Pichincha, Ecuador
Yaku P√©rez;"RT @yakuperezg: ¬°Caravana de cierre de campa√±a en Quito üö≤üöó!

üóì Mi√©rcoles, 3 de febrero
üè† Parroquia Cutuglagua (salida)
‚è∞09:00 am

#ClaroQue‚Ä¶";Sun Jan 31 ;3;7;Pichincha, Ecuador
Yaku P√©rez;"RT @yakuperezg: ¬°Caravana de cierre de campa√±a en Quito üö≤üöó!

üóì Mi√©rcoles, 3 de febrero
üè† Parroquia Cutuglagua (salida)
‚è∞09:00 am

#ClaroQue‚Ä¶";Sun Jan 31 ;4;8;Pichincha, Ecuador
Yaku P√©rez;"RT @yakuperezg: ¬°Caravana de cierre de campa√±a en Quito üö≤üöó!

üóì Mi√©rcoles, 3 de febrero
üè† Parroquia Cutuglagua (salida)
‚è∞09:00 am

#ClaroQue‚Ä¶";Sun Jan 31 ;5;8;Pichincha, Ecuador
Yaku P√©rez;"RT @yakuperezg: ¬°Por eso #Yaku es la mejor opci√≥n!

#YakuPresidente
#ClaroQueSePuede
#YakuEs https://t.co/RVzsO83q5k";Sun Jan 31 ;64;207;Pichincha, Ecuador
Yaku P√©rez;RT @yakuperezg: Hoy a partir de las 10:00 pm, te invito a seguir en vivo mi entrevista en @CNNEE para conocer nuestra propuesta de campa√±a.‚Ä¶;Sun Jan 31 ;17;45;Pichincha, Ecuador
Yaku P√©rez;@RiksinakuyEc pasa la voz;Sun Jan 31 ;0;0;Pichincha, Ecuador
Yaku P√©rez;RT @yakuperezg: Hoy a partir de las 10:00 pm, te invito a seguir en vivo mi entrevista en @CNNEE para conocer nuestra propuesta de campa√±a.‚Ä¶;Sun Jan 31 ;17;46;Pichincha, Ecuador
Yaku P√©rez;"@virnacedenoe #YakuPresidente #VirnaVicepresidenta
#ClaroQueSePuede";Sun Jan 31 ;0;0;Pichincha, Ecuador
Yaku P√©rez;"RT @yakuperezg: Agenda de medios üéôÔ∏èüìª

Estamos a pocos d√≠as de celebrar el proceso democr√°tico de una elecci√≥n presidencial, por eso te invi‚Ä¶";Sun Jan 31 ;16;54;Pichincha, Ecuador
Yaku P√©rez;"RT @yakuperezg: Se viene un gobierno de respeto y uni√≥n para #Ecuador.

#ClaroQueSePuede
#YakuPresidente
#YakuEs https://t.co/W5P6WJCUtA";Sun Jan 31 ;26;58;Pichincha, Ecuador
Yaku P√©rez;"RT @yakuperezg: Con transparencia y manos limpias sabremos cambiar el ritmo de nuestro pa√≠s.

#ClaroQueSePuede
#YakuPresidente https://t.co‚Ä¶";Sun Jan 31 ;27;83;Pichincha, Ecuador
Yaku P√©rez;"RT @yakuperezg: Somos la √∫nica opci√≥n para vencer al corre√≠smo. Este 7 de febrero votemos con consciencia y convicci√≥n.

#ClaroQueSePuede‚Ä¶";Thur Mar 04;61;178;Pichincha, Ecuador
Guillermo Lasso;RT @FaustoCoboM3: @luisevivanco Estos √∫ltimos d√≠as de campa√±a, TODOS los de la orilla de la DECENCIA, a pesar de algunas diferencias, a VOT‚Ä¶;Thur Mar 04;4;9;Pichincha, Ecuador
Guillermo Lasso;RT @aleperaltaale26: Hay que hacer voto √∫til, #LassoPresidente2021 es la opci√≥n para quienes quieren evitar que Lelo Arauz conduzca al pa√≠s‚Ä¶;Thur Mar 04;5;7;Pichincha, Ecuador
Guillermo Lasso;RT @aleperaltaale26: Hay que hacer voto √∫til, #LassoPresidente2021 es la opci√≥n para quienes quieren evitar que Lelo Arauz conduzca al pa√≠s‚Ä¶;Thur Mar 04;6;7;Pichincha, Ecuador
Guillermo Lasso;RT @finamunizaga: @RominaSotomayo2 @ArellaProano Lasso Presidente vamos por el Cambio;Thur Mar 04;1;1;Imbabura,Ecuador
Guillermo Lasso;RT @FaustoCoboM3: @RaGecuador En estas elecciones DECIDIMOS entre DOS MODELOS: la continuaci√≥n de 14 a√±os de CORRUPCI√ìN DEL CORREATO o el C‚Ä¶;Thur Mar 04;1;2;Imbabura,Ecuador
Guillermo Lasso;@tinocotania LASSO PRESIDENTE;Thur Mar 04;1;1;Imbabura,Ecuador
Guillermo Lasso;Mi voto ser√° por Herbas ha sido el que mejor propuestas hizo aunque se que no va ganar pero si hay segunda vuelta q‚Ä¶ https://t.co/G3gPLHBe3q;Thur Mar 04;10;1;Imbabura,Ecuador
Guillermo Lasso;Se√±or.. recuerde el salvataje bancario del 99.. y la fuga de capitales a para√≠sos fiscales... Todo 1.. 1.. 1..;Thur Mar 04;5;10;Imbabura,Ecuador
Guillermo Lasso;RT @semarco: El voto razonable es por  @LassoGuillermo. A los que piensan votar nulo,  les pido que se den una oportunidad votando por Lass‚Ä¶;Thur Mar 04;235;620; El Oro, Ecuador
Guillermo Lasso;RT @FaustoCoboM3: Mientras LASSO compromete firme respaldo a POLIC√çAS y MILITARES en la lucha contra la delincuencia, narcotr√°fico y terror‚Ä¶;Thur Mar 04;168;341; El Oro, Ecuador
Guillermo Lasso;RT @FaustoCoboM3: Mientras LASSO compromete firme respaldo a POLIC√çAS y MILITARES en la lucha contra la delincuencia, narcotr√°fico y terror‚Ä¶;Thur Mar 04;169;340;Pichincha, Ecuador
Guillermo Lasso;@Fuckinwasteland @luisevivanco @LaPosta_Ecu @AnderssonBoscan El corre√≠smo tiene voto duro, asegurado el grueso de s‚Ä¶ https://t.co/7Dkazn81Sc;Fri Mar 05 ;1;1;Pichincha, Ecuador
Guillermo Lasso;@_davidcando_;Fri Mar 05 ;1;1; El Oro, Ecuador
Guillermo Lasso;RT @FaustoCoboM3: Mientras LASSO compromete firme respaldo a POLIC√çAS y MILITARES en la lucha contra la delincuencia, narcotr√°fico y terror‚Ä¶;Fri Mar 05 ;170;340; El Oro, Ecuador
Guillermo Lasso;RT @ETacle: Yo quiero vivir y morir de viejo en mi Ecuador, no quiero ser expulsado de mi pa√≠s por Lelo, correa y toda su banda comunista!‚Ä¶;Fri Mar 05 ;40;88; El Oro, Ecuador
Guillermo Lasso;@relicheandres @rabascallcarlos Ya saldr√° toda la pipol del municipio de Guayaquil a apoyar en el cierre de campa√±a‚Ä¶ https://t.co/E1FFbMrwyu;Fri Mar 05 ;0;1; El Oro, Ecuador
Guillermo Lasso;@LassoGuillermo Guillermo lasso nunca sera presidente rata igual q bucaram;Fri Mar 05 ;1;0; El Oro, Ecuador
Guillermo Lasso;@MorenaMia2020 @LassoGuillermo Jjajaja q excelente! Lasso presidente! Es la √∫nica opci√≥n;Fri Mar 05 ;0;1;Tunguragua,Ecuador
Guillermo Lasso;RT @VictorCREO: Una verdadera Verg√ºenza de Alvaro Noboa, pide votar por Arauz. Esto habla que √©l tambi√©n es parte de esta secta criminal. N‚Ä¶;Fri Mar 05 ;3;3;Tunguragua,Ecuador
Guillermo Lasso;Incre√≠ble ü§£ re contra c√≠nico;Fri Mar 05 ;0;2;Guayaquil
Guillermo Lasso;- Hola, quisiera hablarte de los beneficios de votar por Lasso para recuperar la libertad de expresi√≥n y pensamient‚Ä¶ https://t.co/oyIavtDg4U;Fri Mar 05 ;1;2;Guayaquil
Guillermo Lasso;RT @ElRebeldeEc: Debo aclarar una vez m√°s que no soy ‚ÄúLassista‚Äù nunca lo he sido. Pero es el √∫nico candidato capaz y con posibilidades de d‚Ä¶;Fri Mar 05 ;340;1085;Guayaquil
Guillermo Lasso;@AndrsValarezo6 @Soylapaw Lasso Presidente una sola vuelta;Fri Mar 05 ;2;2;Tunguragua,Ecuador
Guillermo Lasso;RT @ElRebeldeEc: Debo aclarar una vez m√°s que no soy ‚ÄúLassista‚Äù nunca lo he sido. Pero es el √∫nico candidato capaz y con posibilidades de d‚Ä¶;Fri Mar 05 ;341;1085;Guayaquil, Ecuador
Guillermo Lasso;Hasta Bucaram les trata como los perros que son @luisevivanco @AnderssonBoscan;Fri Mar 05 ;1;2;Guayaquil, Ecuador
Guillermo Lasso;Y efectivamente es lo que puede suceder si la gente desperdicia su voto eligiendo a alguien que NO tiene oportunida‚Ä¶ https://t.co/mtnVomVJ2X;Fri Mar 05 ;1;3;Guayaquil, Ecuador
Guillermo Lasso;"RT @CondorECUADOR: De buena fuente, con n√∫meros claros y cifras duras...P√©rez y Lasso en un empate t√©cnico por el 2do puesto.
Si no hay nad‚Ä¶";Fri Mar 05 ;18;47;Tunguragua,Ecuador
Guillermo Lasso;RT @JohnAmezcua5: #Ecuador tiene que avanzar hacia un futuro donde haya trabajo y progreso. No dejemos que Lelo Arauz venga a enga√±arnos co‚Ä¶;Sat Mar 06 ;6;11;Tunguragua,Ecuador
Guillermo Lasso;RT @JohnAmezcua5: #Ecuador tiene que avanzar hacia un futuro donde haya trabajo y progreso. No dejemos que Lelo Arauz venga a enga√±arnos co‚Ä¶;Sat Mar 06 ;7;11;Tunguragua,Ecuador
Guillermo Lasso;No es cuento, y muchos ecuatorianos lo saben, por eso nunca sera presidente,;Sat Mar 06 ;3;3; El Oro, Ecuador
Guillermo Lasso;RT @FaustoCoboM3: Mientras LASSO compromete firme respaldo a POLIC√çAS y MILITARES en la lucha contra la delincuencia, narcotr√°fico y terror‚Ä¶;Sat Mar 06 ;171;341;Tunguragua,Ecuador
Guillermo Lasso;RT @finamunizaga: @AndrsValarezo6 @Soylapaw Lasso Presidente una sola vuelta;Sat Mar 06 ;1;2; El Oro, Ecuador
Guillermo Lasso;RT @Stevenneira: Y efectivamente es lo que puede suceder si la gente desperdicia su voto eligiendo a alguien que NO tiene oportunidades de‚Ä¶;Sat Mar 06 ;1;1;Tunguragua,Ecuador
Guillermo Lasso;RT @hijadeivan: Los que est√°n pensando en votar por Hervas Romero Lucio y el resto q no tienen ninguna posibilidad en estas elecciones pien‚Ä¶;Sat Mar 06 ;320;774; El Oro, Ecuador
Guillermo Lasso;RT @finamunizaga: @AndrsValarezo6 @Soylapaw Lasso Presidente una sola vuelta;Sat Mar 06 ;2;3;Guayaquil, Ecuador
Guillermo Lasso;"RT @AndrsValarezo6: @LassoGuillermo
PRESIDENTE UNA SOLA VUELTA CON DON GUILLERMO LASSO
@KELVINGAME3
@DejemosM
@albert_luisin @joseivangargu‚Ä¶";Sun Mar 07;4;5;Tunguragua,Ecuador
Guillermo Lasso;RT @VictorCREO: Una verdadera Verg√ºenza de Alvaro Noboa, pide votar por Arauz. Esto habla que √©l tambi√©n es parte de esta secta criminal. N‚Ä¶;Sun Mar 07;4;3;Tunguragua,Ecuador
Guillermo Lasso;"RT @ElRebeldeEc: Hora 25. Si despu√©s de ver la entrevista al candidato Guillermo Lasso,decides votar por √©l; d√©jame decirte que est√°s entre‚Ä¶";Sun Mar 07;76;273;Loja
Guillermo Lasso;"OFERTA DE LASSO AFECTAR√çA AL SECTOR DE LA PRODUCCI√ìN

Bruno Leone, presidente de la #C√°maraNacionalPesquera, manife‚Ä¶ https://t.co/oU4g4hawq6";Sun Mar 07;0;0;Tunguragua,Ecuador
Guillermo Lasso;@hijadeivan @seejaycuervo @luisevivanco Siiiii Lasso Presidente;Sun Mar 07;3;0;Loja
Guillermo Lasso;RT @VictorCREO: Una verdadera Verg√ºenza de Alvaro Noboa, pide votar por Arauz. Esto habla que √©l tambi√©n es parte de esta secta criminal. N‚Ä¶;Sun Mar 07;5;3;Tunguragua,Ecuador
Guillermo Lasso;RT @FaustoCoboM3: LASSO es la PESADILLA de narco gobiernos del socialismo del siglo XXI que buscan PODER e IMPUNIDAD, comprando candidatos‚Ä¶;Sun Mar 07;242;552;Machala-El Oro-Ecuador
Guillermo Lasso;üá™üá®El Gobierno de #LassoEsMoreno cumpli√≥ al 100% la receta neoliberal, ecuatorianos, la derecha encabezada por‚Ä¶ https://t.co/TBnLvo5ea6;Sun Mar 07;5;0;Loja, Ecuador
Guillermo Lasso;"Da pesar que tanta gente diga que est√° indignada por la situaci√≥n del pa√≠s, que dicen ""votar por lo seguro"" (Lasso‚Ä¶ https://t.co/fm6OQLa72m";Sun Mar 07;1;1;Tunguragua,Ecuador
Guillermo Lasso;Por tus hijos y por los m√≠os , LASSO PRESIDENTE , d√©mosle un futuro !;Sun Mar 07;6;1;Tunguragua,Ecuador
Guillermo Lasso;Guerra de encuestadoras üòÇüòÇüòÇüòÇüòÇ;Sun Mar 07;0;0;Tunguragua,Ecuador
Guillermo Lasso;RT @Stevenneira: Y efectivamente es lo que puede suceder si la gente desperdicia su voto eligiendo a alguien que NO tiene oportunidades de‚Ä¶;Sun Mar 07;2;3;Loja
Guillermo Lasso;@CarlosVerareal Estas elecciones DECIDIMOS entre dos modelos absolutamente opuestos: PROSPERIDAD que representa LAS‚Ä¶ https://t.co/ddamCXQmo0;Sun Mar 07;0;1;Tunguragua,Ecuador
Guillermo Lasso;RT @VictorCREO: Una verdadera Verg√ºenza de Alvaro Noboa, pide votar por Arauz. Esto habla que √©l tambi√©n es parte de esta secta criminal. N‚Ä¶;Sun Mar 07;6;3;Tunguragua,Ecuador
Guillermo Lasso;Es q no me entra en la cabeza que Arauz pueda llegar a ser presidente! Sentir√≠a verg√ºenza q ese lelo sea el represe‚Ä¶ https://t.co/ApmkLXaQXm;Mon Mar 08 ;10;0;Guayaquil
Guillermo Lasso;@migueltobarf Estos √∫ltimos d√≠as de campa√±a, TODOS los de la orilla de la DECENCIA, a pesar de algunas diferencias,‚Ä¶ https://t.co/G9rNca9W7O;Mon Mar 08 ;0;1;Tunguragua,Ecuador
Guillermo Lasso;@luisevivanco El ladronzuelo Correa est√° desesperado. No quiere dejar escapar la oportunidad de impunidad que le po‚Ä¶ https://t.co/Ll4XWwazc6;Mon Mar 08 ;1;0;Pastaza,Ecuador
Guillermo Lasso;RT @hijadeivan: Los que est√°n pensando en votar por Hervas Romero Lucio y el resto q no tienen ninguna posibilidad en estas elecciones pien‚Ä¶;Mon Mar 08 ;321;776;Pastaza,Ecuador
Guillermo Lasso;RT @FaustoCoboM3: Mientras LASSO compromete firme respaldo a POLIC√çAS y MILITARES en la lucha contra la delincuencia, narcotr√°fico y terror‚Ä¶;Mon Mar 08 ;172;345;Pastaza,Ecuador
Guillermo Lasso;@migueltobarf LASSO PRESIDENTE. https://t.co/z39edY6mVb;Mon Mar 08 ;1;0;Pichincha, Ecuador
Guillermo Lasso;"RT @pencaladah: La gente debe decidir su voto en libertad, pero informados. 

Aunque no guste, solo 3 candidatos tienen opci√≥n de ganar. El‚Ä¶";Mon Mar 08 ;13;48;Pastaza,Ecuador
Guillermo Lasso;@LassoGuillermo @JuanPHidalgoC @MLAlcivar LASSO PRESIDENTE.  BENDICIONES;Mon Mar 08 ;1;0;Pichincha, Ecuador
Guillermo Lasso;RT @FaustoCoboM3: @CarlosVerareal Estas elecciones DECIDIMOS entre dos modelos absolutamente opuestos: PROSPERIDAD que representa LASSO, y‚Ä¶;Mon Mar 08 ;1;0;Pastaza,Ecuador
Guillermo Lasso;@eluniversocom @hugopinedap Estos √∫ltimos d√≠as de campa√±a, TODOS los de la orilla de la DECENCIA, a pesar de alguna‚Ä¶ https://t.co/okxIEoiGr2;Mon Mar 08 ;0;2;Pastaza,Ecuador
Yaku P√©rez;#ClaroQueSePuede https://t.co/qYMcXfCkZo;Thur Mar 04;0;0;Pichincha, Ecuador
Yaku P√©rez;"RT @yakuperezg: Ecuador se convertir√° en una potencia ecol√≥gica con una econom√≠a sostenible.

Conoce nuestra plan de trabajo completo: http‚Ä¶";Thur Mar 04;28;77;Guayaquil, Ecuador
Yaku P√©rez;"RT @yakuperezg: ¬øCreen que es justo que gastemos $979.665 d√≥lares en sueldos vitalicios para presidentes y vicepresidentes?

El servir a la‚Ä¶";Thur Mar 04;31;126;Pichincha.Ecuador
Yaku P√©rez;"RT @geovanni_atari: Gracias por el gran apoyo de Santo Domingo de los Ts√°chilas 
#YakuPresidente 
#ClaroQueSePuede 
#GeovanniALaAsamblea ht‚Ä¶";Thur Mar 04;9;14;Pichincha.Ecuador
Yaku P√©rez;"RT @MarceManosalvas: Futurama ya lo predijo...

Yaku Perez Guartambel Presidente

Inauguraremos la honestidad...

@yakuperezg
#YakuPresiden‚Ä¶";Thur Mar 04;12;12;Pichincha.Ecuador
Yaku P√©rez;"RT @yakuperezg: ¬øCreen que es justo que gastemos $979.665 d√≥lares en sueldos vitalicios para presidentes y vicepresidentes?

El servir a la‚Ä¶";Thur Mar 04;32;129;Pichincha.Ecuador
Yaku P√©rez;"RT @yakuperezg: ¬øCreen que es justo que gastemos $979.665 d√≥lares en sueldos vitalicios para presidentes y vicepresidentes?

El servir a la‚Ä¶";Thur Mar 04;33;129;Pichincha.Ecuador
Yaku P√©rez;"RT @VAndresQuishpe: Y en esta recta final me llevo en cada recorrido el cari√±o de mi pueblo ‚ô•Ô∏è mil gracias. @UnidadPopularUP

Lo dem√°s p√≥ng‚Ä¶";Thur Mar 04;6;7;Zamora Chinchipe, Ecuador
Yaku P√©rez;RT @pametroya: Propuesta 6: Leyes para sancionar el acoso y la violencia en el espacio digital: ‚ÄúLey Olimpia‚Äù y ‚ÄúLey Ingrid‚Äù üëâüèº https://t.c‚Ä¶;Thur Mar 04;2;5;Zamora Chinchipe, Ecuador
Yaku P√©rez;"RT @yakuperezg: ¬øCreen que es justo que gastemos $979.665 d√≥lares en sueldos vitalicios para presidentes y vicepresidentes?

El servir a la‚Ä¶";Thur Mar 04;34;133;Loja, Ecuador
Yaku P√©rez;RT @yakuperezg: Juntos batallaremos por controlar el cambio clim√°tico, fomentaremos el consumo de productos que no provoquen poluci√≥n para‚Ä¶;Fri Mar 05 ;8;20;Loja, Ecuador
Yaku P√©rez;"RT @yakuperezg: ¬øCreen que es justo que gastemos $979.665 d√≥lares en sueldos vitalicios para presidentes y vicepresidentes?

El servir a la‚Ä¶";Fri Mar 05 ;35;134;Loja, Ecuador
Yaku P√©rez;"¬°Sin pretextos! Cambia el pero por el puedo AHORA
#ClaroQueSePuede ‚úå
#ManzanilloSomosTodos https://t.co/UBmlPivWfM";Fri Mar 05 ;35;20;Loja, Ecuador
Yaku P√©rez;Lo repito Manzanillo por donde lo veamos es ESPECTACULAR, Manzanillo Somos Todos vamos por la Transformaci√≥n de nue‚Ä¶ https://t.co/bzGDPHjl5s;Fri Mar 05 ;35;20;Loja, Ecuador
Yaku P√©rez;#ClaroQueSePuede ‚úåÔ∏èüáªüá≥ https://t.co/Z0omR81fkF;Fri Mar 05 ;35;20;Loja, Ecuador
Yaku P√©rez;#ClaroQueSePuede ‚úåÔ∏èüáªüá≥ https://t.co/6YTJXHJsOt;Fri Mar 05 ;35;20;Loja, Ecuador
Yaku P√©rez;https://t.co/aNxcFlRRZb;Fri Mar 05 ;35;20;Zamora Chinchipe, Ecuador
Yaku P√©rez;https://t.co/4BYlBXB6Xi;Sat Mar 06 ;35;20;Zamora Chinchipe, Ecuador
Yaku P√©rez;https://t.co/5G8fAQOdzm;Sat Mar 06 ;35;20;Zamora Chinchipe, Ecuador
Yaku P√©rez;https://t.co/9CqXbihOFx;Sat Mar 06 ;35;20;Zamora Chinchipe, Ecuador
Yaku P√©rez;https://t.co/jWz7RwqC2S;Sat Mar 06 ;35;20;Zamora Chinchipe, Ecuador
Yaku P√©rez;https://t.co/WzS7Z7hDqD;Sat Mar 06 ;35;3;Zamora Chinchipe, Ecuador
Yaku P√©rez;https://t.co/UZr4L2d4ls;Sat Mar 06 ;35;3;Zamora Chinchipe, Ecuador
Yaku P√©rez;Cuanta sabidur√≠a popular!!!!!  Este 7 de febrero vamos a inaugurar la honestidad #MinkaPorLaVida #YakuPresidente https://t.co/ohT2KCPcVv;Sat Mar 06 ;35;3;Zamora Chinchipe, Ecuador
Yaku P√©rez;"‚öñÔ∏èüíµ El dinero del pueblo es sagrado. Fiscalizaremos los recursos administrados por los gobiernos seccionales.
Este‚Ä¶ https://t.co/noVkjWbvez";Sun Mar 07;0;3;Zamora Chinchipe, Ecuador
Yaku P√©rez;RT @JRE_Ecuador: Los #EstudiantesALaAsamblea vamos a cambiar la historia del #Ecuador, y conseguir un futuro mejor para el pa√≠s. Con Yaku,‚Ä¶;Sun Mar 07;2;3;Guayaquil
Yaku P√©rez;"RT @geovanni_atari: #ClaroQueSePuede con la fuerza del pueblo decidido, cambiaremos el #Ecuador
#SoloElPuebloSalvaAlPueblo #YakuPresidente‚Ä¶";Sun Mar 07;3;1;Guayaquil
Yaku P√©rez;"Clausura de la FSM #FSM2021 #WSF2021 https://t.co/hSEXAl2VK2 a trav√©s de @FacebookWatch #ClaroQueSePuede
Yaku Presi‚Ä¶ https://t.co/tOe9mPf8UF";Sun Mar 07;5;2;Guayaquil
Yaku P√©rez;"Clausura de la FSM #FSM2021 #WSF2021 https://t.co/hSEXAl2VK2 a trav√©s de @FacebookWatch #ClaroQueSePuede
Yaku Presi‚Ä¶ https://t.co/tOe9mPf8UF";Sun Mar 07;1;3;Guayaquil
Yaku P√©rez; comenzamos nuestra #MinkaPorLaVida;Sun Mar 07;1;0;Guayaquil
Yaku P√©rez;"RT @yakuperezg: queremos un gobierno del pueblo para el pueblo! #Yaku #segunda

#ClaroQueSePuede
#YakuPresidente
#YakuEs https://t.co/oAyfHOZr‚Ä¶";Sun Mar 07;2;4;Guayaquil
Yaku P√©rez;"RT @yakuperezg:injusticia tendremos un gobierno del pueblo para el pueblo!

#ClaroQueSePuede
#YakuPresidente
#YakuEs https://t.co/oAyfHOZr‚Ä¶";Sun Mar 07;3;5;Guayaquil
Yaku P√©rez;"RT @yakuperezg: ¬°En 7 d√≠as tendremos un gobierno del pueblo para el pueblo!

#ClaroQueSePuede
#YakuPresidente
#YakuEs https://t.co/oAyfHOZr‚Ä¶";Sun Mar 07;4;6;Guayaquil
Yaku P√©rez;"Clausura de la FSM #FSM2021 #WSF2021 https://t.co/hSEXAl2VK2 a trav√©s de @FacebookWatch #ClaroQueSePuede
Yaku Presi‚Ä¶ https://t.co/tOe9mPf8UF";Sun Mar 07;5;10;Guayaquil
Yaku P√©rez;"Se necesita ""un Decreto presidencial"", el ahorro, para garantizar los pagos a los ""jubilados"".";Sun Mar 07;10;2;Pichincha, Ecuador
Yaku P√©rez;La #MinkaPorLaVida se sello hoy en Cayambe..... #Yaku https://t.co/hrcO1rqrkQ;Sun Mar 07;0;1;Guayaquil-Ecuador
;;;;;
;;;;;
;;;;;
;;;;;
;;;;;
;;;;;
;;;;;
;;;;;
;;;;;
;;;;;
;;;;;
;;;;;
;;;;;
;;;;;
;;;;;
;;;;;
;;;;;
;;;;;
;;;;;
;;;;;
;;;;;
